frame,id,x,y,lat,long,class,speed,lane,azimuth
2,0,810,432,54.725259537276926,55.940512060281044,car,44.29220648252789,4,16.140329901526144
2,1,1250,656,54.72542096557289,55.940727954043474,car,39.667007518093655,2,-163.85972796379895
2,2,739,641,54.72525566369869,55.94070839137975,car,33.81261756298855,1,-171.76650604823425
2,3,1092,536,54.725375944817706,55.94063497547351,car,46.36982626835588,3,30.062002512536544
2,4,1392,519,54.725471769643946,55.94063344608435,car,29.218250014618853,4,70.93756875045767
2,5,1352,431,54.725468618835535,55.94055432321946,car,25.189873595361245,5,66.63886339222259
2,6,1352,431,54.725468618835535,55.94055432321946,car,20.828442163554513,5,60.0618692965464
2,7,1352,430,54.72546872720924,55.94055336004789,truck,29.103212587259037,5,70.93757002877952
2,8,1352,430,54.72546872720924,55.94055336004789,truck,25.50490390824725,5,66.63886335716666
3,0,802,433,54.725256003481746,55.94051249723335,car,35.491787717737786,4,0.0
3,1,1269,660,54.72542606785252,55.940730782125875,car,53.862503573100035,2,-160.84910891380775
3,2,749,641,54.725259365688366,55.940708608754626,car,37.147141079625186,1,-169.07998562019097
3,3,1080,536,54.72537184814408,55.94063446258342,car,41.17398402646016,3,8.233469008106683
3,4,1386,519,54.725470005099154,55.94063320375866,car,17.72467328827038,4,0.0
3,5,1337,429,54.72546392771387,55.940551366669354,car,50.247136985808716,5,19.150869764772555
3,6,1337,429,54.72546392771387,55.940551366669354,car,50.247136985808716,5,19.150869764772555
3,7,1337,429,54.72546392771387,55.940551366669354,car,49.58180534622174,5,13.035293748380356
3,8,1337,429,54.72546392771387,55.940551366669354,car,49.58180534622174,5,13.035293748380356
4,0,791,432,54.725250785047585,55.94051024996893,car,54.19529818848236,4,13.0353601261386
4,1,1283,662,54.725429827679804,55.94073223743668,car,38.67409183324492,2,-171.76654106599833
4,2,756,643,54.72526215300604,55.94071028360898,car,29.744569069595133,1,-169.0799863897602
4,3,1071,535,54.72536876047071,55.94063322110406,car,31.865911303004836,3,10.919983767249612
4,4,1375,519,54.72546675554987,55.940632757496694,car,32.64248054119234,4,0.0
4,5,1331,430,54.72546185041055,55.94055192553616,car,20.98002782001207,5,-16.140254050089098
4,6,1331,430,54.72546185041055,55.94055192553616,car,20.98002782001207,5,-16.140254050089098
4,7,1331,430,54.72546185041055,55.94055192553616,car,20.98002782001207,5,-16.140254050089098
4,8,1331,430,54.72546185041055,55.94055192553616,car,20.98002782001207,5,-16.140254050089098
5,0,773,434,54.72524269738918,55.94051093353934,car,81.16300507971994,4,-4.138110067639313
5,1,1316,667,54.725438523955,55.94073578836708,car,89.69986485327782,2,-165.57392668044332
5,2,773,647,54.72526874895505,55.940713654095084,car,69.27357752458845,1,-161.69886142821554
5,3,1055,532,54.72536321327079,55.94062993568493,car,59.04356135504248,3,16.140290049332393
5,4,1349,516,54.72545926953321,55.94062926512608,car,77.8905166770971,4,16.14025284052361
5,5,1303,428,54.72545273456789,55.94054801746764,car,94.3647436994456,5,14.42606213563245
5,6,1303,428,54.72545273456789,55.94054801746764,car,94.3647436994456,5,14.42606213563245
5,7,1303,428,54.72545273456789,55.94054801746764,car,94.3647436994456,5,14.42606213563245
5,8,1303,428,54.72545273456789,55.94054801746764,car,94.3647436994456,5,14.42606213563245
5,9,1436,585,54.72547758705236,55.94068398543981,car,0.0,3,0.0
6,0,773,434,54.72524269738918,55.94051093353934,car,0.0,4,180.0
6,1,1316,667,54.725438523955,55.94073578836708,car,0.0,2,180.0
6,2,773,647,54.72526874895505,55.940713654095084,car,0.0,1,180.0
6,3,1055,532,54.72536321327079,55.94062993568493,car,0.0,3,180.0
6,4,1349,516,54.72545926953321,55.94062926512608,car,0.0,4,180.0
6,5,1303,428,54.72545273456789,55.94054801746764,car,0.0,5,180.0
6,6,1303,428,54.72545273456789,55.94054801746764,car,0.0,5,180.0
6,7,1303,428,54.72545273456789,55.94054801746764,car,0.0,5,180.0
6,8,1303,428,54.72545273456789,55.94054801746764,car,0.0,5,180.0
6,9,1436,585,54.72547758705236,55.94068398543981,car,0.0,3,180.0
7,1,1333,670,54.72544289521959,55.940737846491615,car,45.4990979058276,2,-163.85973629307585
7,2,780,650,54.72527155812145,55.94071603332814,car,31.57923705544075,1,-158.9002056549774
7,3,1042,531,54.72535865381685,55.940628482885764,car,46.574120793560674,3,16.140292334785087
7,4,1340,514,54.72545672861237,55.940627255409275,car,28.141070708410446,4,30.061954182848584
7,5,1291,428,54.72544869281723,55.94054716719904,truck,40.82691157160392,5,8.23345347057924
7,6,1291,428,54.72544869281723,55.94054716719904,truck,40.82691157160392,5,8.23345347057924
7,7,1291,428,54.72544869281723,55.94054716719904,truck,40.82691157160392,5,8.23345347057924
7,8,1291,428,54.72544869281723,55.94054716719904,truck,40.82691157160392,5,8.23345347057924
7,9,1419,585,54.72547294638246,55.940683556284284,car,46.50127734096798,3,0.0
8,1,1346,672,54.72544621967535,55.940739222098216,car,34.31128332532858,2,-169.08003506362047
8,2,788,651,54.72527451727057,55.940716928893835,car,30.195249083963372,1,-169.07998994032693
8,3,1032,530,54.72535511433285,55.940627153847004,car,36.407417797306536,3,8.233472414260062
8,4,1329,513,54.72545346912609,55.94062596327079,car,33.57634775180457,4,8.233452688479852
8,5,1280,427,54.72544504799523,55.94054538688858,truck,38.081205984978055,5,16.14025977268681
8,6,1280,427,54.72544504799523,55.94054538688858,truck,38.081205984978055,5,16.14025977268681
8,7,1280,427,54.72544504799523,55.94054538688858,truck,38.081205984978055,5,16.14025977268681
8,8,1280,427,54.72544504799523,55.94054538688858,truck,38.081205984978055,5,16.14025977268681
8,9,1410,583,54.72547066109901,55.940681923218875,car,24.878086352918483,3,30.06194543500283
8,10,1367,639,54.72545419796249,55.94071875214237,car,0.0,2,0.0
9,1,1360,672,54.72544991669841,55.94073937550189,car,36.98822013230777,2,180.0
9,2,797,654,54.7252779856746,55.94071930971532,car,37.6301700896482,1,-158.90020850373327
9,3,1023,528,54.725351889069316,55.94062497952736,car,34.88730703317257,3,21.099753161768025
9,4,1316,511,54.725449650979286,55.94062374606754,car,40.50741558415294,4,21.099706367053106
9,5,1273,430,54.72544241018945,55.940547870273456,car,29.865218115897978,5,-30.061962711277573
9,6,1273,430,54.72544241018945,55.940547870273456,car,29.865218115897978,5,-30.061962711277573
9,7,1273,430,54.72544241018945,55.940547870273456,car,29.865218115897978,5,-30.061962711277573
9,8,1273,430,54.72544241018945,55.940547870273456,car,29.865218115897978,5,-30.061962711277573
9,9,1397,579,54.72546742918424,55.94067875172335,car,37.44859544672588,3,23.46540217315348
10,1,1372,673,54.72545299364845,55.94074011488854,car,31.129189685453216,2,-169.08003690430695
10,2,804,658,54.72528079590055,55.94072235822844,car,33.52487786819359,1,-149.93793387611828
10,3,1012,527,54.7253479328149,55.940623577850104,car,40.59004498724737,3,8.233473803893956
10,4,1304,510,54.72544602228078,55.9406223830848,car,37.28129718627882,4,16.140259346580102
10,5,1260,426,54.72543827436937,55.940542933981554,truck,50.759512712498,5,35.8854159007011
10,6,1260,426,54.72543827436937,55.940542933981554,truck,50.759512712498,5,35.8854159007011
10,7,1260,426,54.72543827436937,55.940542933981554,truck,50.759512712498,5,35.8854159007011
10,8,1260,426,54.72543827436937,55.940542933981554,truck,50.759512712498,5,35.8854159007011
10,9,1389,577,54.72546537668089,55.940677108672716,car,22.77095531988468,3,30.061949161227382
11,1,1381,674,54.725455268211846,55.94074081742925,car,23.1671677033565,2,-163.8597416030103
11,2,814,659,54.725284383628754,55.94072325531481,car,36.41151113034547,1,-169.07999222791392
11,3,1004,523,54.72534496269855,55.94061962423142,car,37.90265727344624,3,37.65830241928011
11,4,1295,507,54.72544345309182,55.94061946671897,car,31.016112739186394,4,30.061962019453205
11,5,1252,426,54.72543550750043,55.94054234699242,truck,27.958582383158063,5,16.140263937972428
11,6,1252,426,54.72543550750043,55.94054234699242,truck,27.958582383158063,5,16.140263937972428
11,7,1252,426,54.72543550750043,55.94054234699242,truck,27.958582383158063,5,16.140263937972428
11,8,1252,426,54.72543550750043,55.94054234699242,truck,27.958582383158063,5,16.140263937972428
11,9,1376,575,54.72546189853403,55.94067531362557,car,36.46891014975923,3,21.09970073065742
12,1,1398,683,54.725458979879654,55.940746385216976,car,49.58527863247083,2,-144.1145914908384
12,2,823,660,54.725287597796424,55.94072412917352,car,32.68659780727529,1,-171.76651242790757
12,3,994,522,54.72534129902523,55.94061823371068,car,37.7134422310341,3,16.140299166210763
12,4,1285,506,54.72544039210527,55.94061816459538,car,31.66591821720354,4,10.919964965282444
12,5,1243,423,54.72543259793858,55.940538634533354,truck,36.538320461439646,5,30.061968253728416
12,6,1243,423,54.72543259793858,55.940538634533354,truck,36.538320461439646,5,30.061968253728416
12,7,1243,423,54.72543259793858,55.940538634533354,truck,36.538320461439646,5,30.061968253728416
12,8,1243,423,54.72543259793858,55.940538634533354,truck,36.538320461439646,5,30.061968253728416
12,9,1368,575,54.72545963522014,55.94067508978893,car,22.690331762043638,3,0.0
13,2,844,665,54.725295194522374,55.940728042068265,car,79.80361123621022,1,-161.69887244808746
13,3,978,520,54.725335362892764,55.94061562121289,car,61.62738861580847,3,10.919991912368975
13,4,1261,502,54.7254330594513,55.94061362830285,car,78.36744412966341,4,18.301062941908846
13,5,1229,425,54.72542754577361,55.940539624066986,car,50.794668426487156,5,-6.603093185359572
13,6,1229,425,54.72542754577361,55.940539624066986,car,50.794668426487156,5,-6.603093185359572
13,7,1229,425,54.72542754577361,55.940539624066986,car,50.794668426487156,5,-6.603093185359572
13,8,1229,425,54.72542754577361,55.940539624066986,car,50.794668426487156,5,-6.603093185359572
13,9,1348,570,54.72545434210553,55.940670877529946,car,58.67001567240274,3,21.09970292548628
13,11,1438,686,54.72546889483528,55.940748509249175,car,0.0,2,0.0
14,2,852,666,54.72529798879831,55.94072887284594,car,28.48599650378421,1,-169.07999597699668
14,3,967,519,54.72533124821207,55.94061414821699,car,42.24622171093696,3,16.140302965497057
14,4,1252,500,54.72543030171458,55.94061147015007,car,30.49929989163372,4,30.061970092442934
14,5,1216,423,54.72542307925672,55.940536589620606,car,48.3437599038405,5,19.150887772088808
14,6,1216,423,54.72542307925672,55.940536589620606,car,48.3437599038405,5,19.150887772088808
14,7,1216,423,54.72542307925672,55.940536589620606,car,48.3437599038405,5,19.150887772088808
14,8,1216,423,54.72542307925672,55.940536589620606,car,48.3437599038405,5,19.150887772088808
14,9,1338,567,54.72545169663749,55.940668371199344,car,30.40254538089482,3,40.96417085471233
15,2,861,667,54.72530110425046,55.94072971349703,car,31.669819583023532,1,-169.07999663370313
15,3,959,519,54.7253282625928,55.940613738200625,car,30.046559280731017,3,0.0
15,4,1241,498,54.725426869515125,55.940609193065654,car,37.0107076093215,4,21.099717300467212
15,5,1206,418,54.72541981356525,55.94053062354836,car,48.065289842138455,5,49.17737746098869
15,6,1206,418,54.72541981356525,55.94053062354836,car,48.065289842138455,5,49.17737746098869
15,7,1206,418,54.72541981356525,55.94053062354836,car,48.065289842138455,5,49.17737746098869
15,8,1206,418,54.72541981356525,55.94053062354836,car,48.065289842138455,5,49.17737746098869
15,9,1323,568,54.725447257664335,55.940668658747754,car,44.397659936927674,3,-6.603090117202643
16,2,870,670,54.725304315677626,55.94073194632302,car,34.890220691419245,1,-158.9002209982259
16,3,947,517,54.72532366655557,55.94061126844874,car,48.47327534543693,3,23.465476329567416
16,4,1233,499,54.72542420528444,55.94060966729564,car,26.754754032311357,4,-10.919969138706309
16,5,1200,416,54.72541776856798,55.94052804823177,truck,25.569684338918304,5,40.96419487448861
16,6,1200,416,54.72541776856798,55.94052804823177,truck,25.569684338918304,5,40.96419487448861
16,7,1200,416,54.72541776856798,55.94052804823177,truck,25.569684338918304,5,40.96419487448861
16,8,1200,416,54.72541776856798,55.94052804823177,truck,25.569684338918304,5,40.96419487448861
16,9,1315,565,54.725445139940625,55.94066618167615,car,25.79678085538686,3,40.96417584369398
17,2,880,673,54.72530782682813,55.9407341696981,car,37.67190553252977,1,-163.85968512420428
17,3,938,516,54.72532020942598,55.94060986394649,car,35.72712080495545,3,8.233479459175436
17,4,1221,495,54.72542050281287,55.94060555464993,car,44.42446437878786,4,37.65825013111434
17,5,1191,418,54.72541439549147,55.94052943512809,car,34.58064432428387,5,-8.233460554202079
17,6,1191,418,54.72541439549147,55.94052943512809,car,34.58064432428387,5,-8.233460554202079
17,7,1191,418,54.72541439549147,55.94052943512809,car,34.58064432428387,5,-8.233460554202079
17,8,1191,418,54.72541439549147,55.94052943512809,car,34.58064432428387,5,-8.233460554202079
17,9,1303,564,54.72544167529872,55.940665058395794,car,35.36785203182408,3,10.919964416799466
18,2,888,675,54.72531058772526,55.94073565618108,car,29.109602703644352,1,-158.9002242330321
18,3,929,514,54.725316672498224,55.940607510083545,car,38.2143289242206,3,21.09976971839457
18,4,1209,495,54.7254165352627,55.94060493883758,car,39.92717263354945,4,8.233460004366162
18,5,1186,418,54.72541257826711,55.9405290365314,car,18.380138499166154,5,0.0
18,6,1186,418,54.72541257826711,55.9405290365314,car,18.380138499166154,5,0.0
18,7,1186,418,54.72541257826711,55.9405290365314,car,18.380138499166154,5,0.0
18,8,1186,418,54.72541257826711,55.9405290365314,car,18.380138499166154,5,0.0
18,9,1293,562,54.72543884665707,55.9406632340607,car,30.375336523931676,3,21.09971165092501
19,2,898,677,54.72531398415651,55.94073715647105,car,35.258288752879736,1,-169.08000019555794
19,3,920,514,54.725313216006235,55.940607022782004,car,34.80013086903968,3,8.233480874607947
19,4,1197,493,54.72541263715181,55.940602535708294,car,41.6594958412814,4,16.14027185905219
19,5,1175,414,54.72540875410556,55.940523901351774,car,48.95673991242747,5,35.88543541809663
19,6,1175,414,54.72540875410556,55.940523901351774,car,48.95673991242747,5,35.88543541809663
19,7,1175,414,54.72540875410556,55.940523901351774,car,48.95673991242747,5,35.88543541809663
19,8,1175,414,54.72540875410556,55.940523901351774,car,48.95673991242747,5,35.88543541809663
19,9,1281,560,54.725435392401145,55.940661328047206,car,36.456646715130574,3,16.140263547675463
20,2,908,679,54.7253173504997,55.94073864347035,car,34.94405895293134,1,-158.90022710216869
20,3,910,511,54.72530916697101,55.94060363007151,car,45.42835683677597,3,23.46548412493852
20,4,1189,493,54.725409953550475,55.94060211507001,car,27.011655237595793,4,10.919972907089912
20,5,1164,416,54.725404602850936,55.94052513645791,car,42.05620094617777,5,-8.233462351011044
20,6,1164,416,54.725404602850936,55.94052513645791,car,42.05620094617777,5,-8.233462351011044
20,7,1164,416,54.725404602850936,55.94052513645791,car,42.05620094617777,5,-8.233462351011044
20,8,1164,416,54.725404602850936,55.94052513645791,car,42.05620094617777,5,-8.233462351011044
20,9,1271,558,54.72543250835276,55.94065946943086,car,30.97065461386947,3,30.061969010948417
21,2,918,681,54.72532068715285,55.94074011735479,car,34.63401124709977,1,-171.76651914914544
21,3,901,511,54.725305658368974,55.94060312767251,car,35.333301497929504,3,10.92000032539547
21,4,1181,490,54.72540738708869,55.94059898900817,car,31.711995076684605,4,30.061984241862675
21,5,1156,412,54.7254018004094,55.940520174632965,truck,40.59205234064851,5,43.96936819224692
21,6,1156,412,54.7254018004094,55.940520174632965,truck,40.59205234064851,5,43.96936819224692
21,7,1156,412,54.7254018004094,55.940520174632965,truck,40.59205234064851,5,43.96936819224692
21,8,1156,412,54.7254018004094,55.940520174632965,truck,40.59205234064851,5,43.96936819224692
21,9,1264,557,54.72543044935843,55.94065846654978,car,21.49840740758377,3,10.919967583547972
22,2,928,685,54.725324071347096,55.94074291584108,car,37.83244121232419,1,-149.9379603624718
22,3,892,506,54.725301776186505,55.94059780140831,car,50.155113440317095,3,35.88550766019271
22,4,1168,488,54.72540304431488,55.940596465899674,car,46.112465520477876,4,23.46543530382813
22,5,1147,409,54.72539854330487,55.94051614991747,car,40.4722103153021,5,37.65826526176869
22,6,1147,409,54.72539854330487,55.94051614991747,car,40.4722103153021,5,37.65826526176869
22,7,1147,409,54.72539854330487,55.94051614991747,car,40.4722103153021,5,37.65826526176869
22,8,1147,409,54.72539854330487,55.94051614991747,car,40.4722103153021,5,37.65826526176869
22,9,1255,556,54.725427768232514,55.94065739000307,car,27.642665195289865,3,16.140266885051123
23,2,938,687,54.725327343445386,55.94074435552204,car,33.95137511810529,1,-169.08000351567102
23,3,882,505,54.72529773430855,55.940596244483174,car,41.66670221782948,3,16.14031553230237
23,4,1157,488,54.72539927018597,55.9405958597664,car,38.003525136507776,4,0.0
23,5,1138,409,54.725395143123414,55.94051537603725,car,34.4242968192303,5,8.233464412331866
23,6,1138,409,54.725395143123414,55.94051537603725,car,34.4242968192303,5,8.233464412331866
23,7,1138,409,54.725395143123414,55.94051537603725,car,34.4242968192303,5,8.233464412331866
23,8,1138,409,54.725395143123414,55.94051537603725,car,34.4242968192303,5,8.233464412331866
23,9,1245,555,54.72542476192917,55.94065627181605,car,30.875533457276006,3,10.919968962763145
24,2,946,689,54.72532995370851,55.940745762140125,car,27.514696014609974,1,-158.90023338360152
24,3,876,504,54.72529526119847,55.94059491227287,car,26.102290963228977,3,10.920003206610689
24,4,1147,486,54.725395881599894,55.94059346411798,car,36.88805252467235,4,30.06199103642387
24,5,1131,409,54.725392485051685,55.94051477106096,car,26.912139091562924,5,0.0
24,6,1131,409,54.725392485051685,55.94051477106096,car,26.912139091562924,5,0.0
24,7,1131,409,54.725392485051685,55.94051477106096,car,26.912139091562924,5,0.0
24,8,1131,409,54.725392485051685,55.94051477106096,car,26.912139091562924,5,0.0
24,9,1236,553,54.72542209719739,55.94065439843547,car,28.96279896842158,3,21.099719715194496
25,2,960,690,54.725334402682776,55.94074656201524,car,44.86293244357743,1,-171.7665216832495
25,3,867,503,54.72529156555218,55.940593391959624,car,38.23729483345518,3,21.099781751247562
25,4,1137,482,54.72539251551542,55.94058918075809,car,42.23705437747417,4,37.658269334950035
25,5,1121,406,54.725388746966885,55.94051057712973,truck,45.03688228467216,5,37.658272187358584
25,6,1121,406,54.725388746966885,55.94051057712973,truck,45.03688228467216,5,37.658272187358584
25,7,1121,406,54.725388746966885,55.94051057712973,truck,45.03688228467216,5,37.658272187358584
25,8,1121,406,54.725388746966885,55.94051057712973,truck,45.03688228467216,5,37.658272187358584
25,9,1226,552,54.72541904636428,55.94065326048175,car,31.339975080100157,3,10.919970540493951
26,2,969,694,54.725337328463546,55.94074925977837,car,33.45026918201317,1,-158.90023676828957
26,3,859,502,54.72528824635274,55.9405919204582,car,34.50276122491605,3,8.233485890102669
26,4,1129,482,54.725389705783,55.940588716344976,car,28.305662114163024,4,0.0
26,5,1111,406,54.725384891418926,55.94050968884711,truck,39.05002980536685,5,8.233466364701789
26,6,1111,406,54.725384891418926,55.94050968884711,truck,39.05002980536685,5,8.233466364701789
26,7,1111,406,54.725384891418926,55.94050968884711,truck,39.05002980536685,5,8.233466364701789
26,8,1111,406,54.725384891418926,55.94050968884711,truck,39.05002980536685,5,8.233466364701789
26,9,1215,550,54.725415708306706,55.94065128657764,car,35.494180860664244,3,21.099722563958274
27,2,981,697,54.725341125090345,55.94075130840633,car,40.01802365630604,1,-163.8596976302502
27,3,849,501,54.725284086504686,55.94059031523252,car,42.895908778735205,3,16.140320805121842
27,4,1118,482,54.72538582073942,55.94058807419658,car,39.14028087902531,4,8.23346624783923
27,5,1106,404,54.7253829945441,55.94050699907685,car,24.8212303828673,5,40.96421961619774
27,6,1106,404,54.7253829945441,55.94050699907685,car,24.8212303828673,5,40.96421961619774
27,7,1106,404,54.7253829945441,55.94050699907685,car,24.8212303828673,5,40.96421961619774
27,8,1106,404,54.7253829945441,55.94050699907685,car,24.8212303828673,5,40.96421961619774
27,9,1206,549,54.725412923581985,55.940650164154626,car,28.723640432348734,3,10.919972152083497
28,2,991,700,54.72534426580537,55.940753317531275,car,33.71895869912644,1,-158.90023998271923
28,3,841,500,54.7252807135842,55.94058882078889,car,35.06399904649388,3,10.920006955693587
28,4,1107,480,54.72538194507799,55.940585535984944,car,41.75320456500605,4,16.140283585812927
28,5,1097,403,54.72537950000623,55.94050505375791,car,36.97582302049133,5,21.099739717670104
28,6,1097,403,54.72537950000623,55.94050505375791,car,36.97582302049133,5,21.099739717670104
28,7,1097,403,54.72537950000623,55.94050505375791,car,36.97582302049133,5,21.099739717670104
28,8,1097,403,54.72537950000623,55.94050505375791,car,36.97582302049133,5,21.099739717670104
28,9,1197,547,54.72541016324961,55.94064823327696,car,29.985950895023496,3,21.099725351585867
28,12,1102,444,54.725380735226665,55.94054967146874,car,0.0,5,0.0
29,2,1003,702,54.72534796696306,55.940754687288155,car,38.02369766540229,1,-163.85970030919384
29,3,834,497,54.725277527736516,55.940585359644864,car,38.05919148876282,3,37.65834845604425
29,4,1096,476,54.725378053796454,55.94058105422292,car,47.24301357961857,4,35.885456398765484
29,5,1089,405,54.72537633362858,55.940506585945386,car,32.79187917168459,5,-16.140285826499948
29,6,1089,405,54.72537633362858,55.940506585945386,car,32.79187917168459,5,-16.140285826499948
29,7,1089,405,54.72537633362858,55.940506585945386,car,32.79187917168459,5,-16.140285826499948
29,8,1089,405,54.72537633362858,55.940506585945386,car,32.79187917168459,5,-16.140285826499948
29,9,1186,546,54.72540669835509,55.940647016020655,car,35.503745160009906,3,10.919973729814044
29,12,1093,447,54.725377332466095,55.940552094301374,car,36.642872587032095,5,-16.14028550976132
30,2,1004,702,54.72534827122408,55.94075469511253,car,3.0465906083181697,1,180.0
30,3,833,498,54.725277214679224,55.940586306812506,car,6.288645708907748,3,-30.0620655451997
30,4,1096,476,54.725378053796454,55.94058105422292,car,0.0,4,180.0
30,5,1089,405,54.72537633362858,55.940506585945386,car,0.0,5,180.0
30,6,1089,405,54.72537633362858,55.940506585945386,car,0.0,5,180.0
30,7,1089,405,54.72537633362858,55.940506585945386,car,0.0,5,180.0
30,8,1089,405,54.72537633362858,55.940506585945386,car,0.0,5,180.0
30,9,1186,546,54.72540669835509,55.940647016020655,car,0.0,3,180.0
30,12,1092,445,54.7253769839063,55.94054996761615,car,12.903774975784522,5,89.99999918360655
31,2,1024,708,54.72535438555365,55.940758618483635,car,65.6596173755058,1,-158.9002432770091
31,3,816,496,54.72526991572966,55.94058318680851,car,75.71591176786453,3,13.931322682809757
31,4,1078,475,54.725371521762,55.9405789749947,car,66.72623241894121,4,10.919982132249576
31,5,1073,401,54.72537003640257,55.940500553554735,truck,72.72437573738739,5,30.06200488059759
31,6,1073,401,54.72537003640257,55.940500553554735,truck,72.72437573738739,5,30.06200488059759
31,7,1073,401,54.72537003640257,55.940500553554735,truck,72.72437573738739,5,30.06200488059759
31,8,1073,401,54.72537003640257,55.940500553554735,truck,72.72437573738739,5,30.06200488059759
31,9,1168,543,54.72540101637639,55.940643892772044,car,59.9793145933626,3,16.140275631476673
31,12,1076,447,54.72537094851791,55.94055085656951,car,60.57616061428003,5,-5.510027191646649
32,2,1037,710,54.725358281377964,55.94075994945768,car,39.87679489401052,1,-171.76652657543457
32,3,808,493,54.7252662045087,55.94057958327644,car,43.0394878543679,3,23.465506361948943
32,4,1068,475,54.7253678547261,55.940578348551135,car,36.96769850934985,4,8.233469790205174
32,5,1066,401,54.72536723853932,55.94049989581387,truck,28.357154044776316,5,10.919984240006295
32,6,1066,401,54.72536723853932,55.94049989581387,truck,28.357154044776316,5,10.919984240006295
32,7,1066,401,54.72536723853932,55.94049989581387,truck,28.357154044776316,5,10.919984240006295
32,8,1066,401,54.72536723853932,55.94049989581387,truck,28.357154044776316,5,10.919984240006295
32,9,1158,541,54.7253978314505,55.94064186258577,car,34.17459859295102,3,21.099731178613183
33,2,1047,713,54.725361258035015,55.940761865352925,car,31.97307911609052,1,-158.90024813572037
33,3,799,493,54.725262382972595,55.940578984273756,car,38.54172354302813,3,8.23349114465638
33,4,1055,471,54.72536304245658,55.94057360375134,car,55.94736869733297,4,24.84580538832483
33,5,1058,401,54.72536402518097,55.94049914039556,car,32.56970319775776,5,10.919984995012166
33,6,1058,401,54.72536402518097,55.94049914039556,car,32.56970319775776,5,10.919984995012166
33,7,1058,401,54.72536402518097,55.94049914039556,car,32.56970319775776,5,10.919984995012166
33,8,1058,401,54.72536402518097,55.94049914039556,car,32.56970319775776,5,10.919984995012166
33,9,1149,538,54.72539497411505,55.940639025762714,car,33.247893198353985,3,30.061991623021687
34,2,1058,713,54.72536449441452,55.94076193052283,car,32.396079449234286,1,180.0
34,3,790,487,54.7252577831705,55.940572104674956,car,61.61446603122865,3,45.366972042989524
34,4,1048,468,54.72536041275019,55.940570174972706,car,33.307786681203076,4,37.658292045582044
34,5,1051,399,54.72536118865246,55.94049615258652,car,33.57535217002146,5,30.06201256698467
34,6,1051,399,54.72536118865246,55.94049615258652,car,33.57535217002146,5,30.06201256698467
34,7,1051,399,54.72536118865246,55.94049615258652,car,33.57535217002146,5,30.06201256698467
34,8,1051,399,54.72536118865246,55.94049615258652,car,33.57535217002146,5,30.06201256698467
34,9,1138,537,54.72539137029634,55.940637744013785,car,36.95634022199016,3,8.233465162529622
35,2,1069,718,54.725367705296506,55.940765043482514,car,37.125472209792584,1,-156.53454200892017
35,3,781,486,54.72525375548706,55.94057041735592,car,41.743481040560226,3,16.140332215120683
35,4,1040,468,54.725357403870156,55.94056964402472,car,30.349816211307196,4,0.0
35,5,1044,398,54.725358334196,55.94049430877333,car,30.72442313809934,5,21.099750231493076
35,6,1044,398,54.725358334196,55.94049430877333,car,30.72442313809934,5,21.099750231493076
35,7,1044,398,54.725358334196,55.94049430877333,car,30.72442313809934,5,21.099750231493076
35,8,1044,398,54.725358334196,55.94049430877333,car,30.72442313809934,5,21.099750231493076
35,9,1131,535,54.72538909371373,55.94063578103376,car,25.6552574512753,3,30.061996136586043
36,2,1082,718,54.725371471912716,55.940765109909364,car,37.69859466808676,1,180.0
36,3,772,484,54.725249556816244,55.9405676485393,car,45.36180480329804,3,16.140333688655573
36,4,1029,466,54.725353214530436,55.94056690139635,car,45.15329796919648,4,23.46546128843017
36,5,1037,396,54.72535544709961,55.94049127322459,car,34.16068759241676,5,30.062016244407037
36,6,1037,396,54.72535544709961,55.94049127322459,car,34.16068759241676,5,30.062016244407037
36,7,1037,396,54.72535544709961,55.94049127322459,car,34.16068759241676,5,30.062016244407037
36,8,1037,396,54.72535544709961,55.94049127322459,car,34.16068759241676,5,30.062016244407037
36,9,1119,533,54.72538512069755,55.940633588775114,car,41.96721309321799,3,16.140282441165393
37,2,1092,720,54.72537433877533,55.94076636582994,car,29.715741428704824,1,-169.08001596483948
37,3,765,484,54.72524648119194,55.940567145001694,car,31.040926829247294,3,8.233494356892974
37,4,1018,466,54.72534901537273,55.9405661535906,car,42.3655135091153,4,8.233473674131945
37,5,1029,393,54.72535210194227,55.94048691719894,car,42.38126424094288,5,37.65829765288297
37,6,1029,393,54.72535210194227,55.94048691719894,car,42.38126424094288,5,37.65829765288297
37,7,1029,393,54.72535210194227,55.94048691719894,car,42.38126424094288,5,37.65829765288297
37,8,1029,393,54.72535210194227,55.94048691719894,car,42.38126424094288,5,37.65829765288297
37,9,1110,532,54.72538210444699,55.94063235401027,car,31.154702115098292,3,21.099738816069745
38,2,1102,722,54.72537718233465,55.94076761154177,car,29.472856939078728,1,-158.90025584153875
38,3,758,483,54.72524324536359,55.940565562908645,car,33.89975718563712,3,10.920017034978589
38,4,1005,463,54.725343942125946,55.94056220568487,car,56.13650926952255,4,24.84581561859284
38,5,1021,394,54.725348797111124,55.940487305655,car,33.15413252842159,5,0.0
38,6,1021,394,54.725348797111124,55.940487305655,car,33.15413252842159,5,0.0
38,7,1021,394,54.725348797111124,55.940487305655,car,33.15413252842159,5,0.0
38,8,1021,394,54.725348797111124,55.940487305655,car,33.15413252842159,5,0.0
38,9,1101,531,54.725379066747784,55.940631110464956,car,31.377733458455324,3,10.91998103940166
39,2,1115,727,54.72538081391657,55.94077063742817,car,40.61782219017875,1,-156.53454870507508
39,3,753,484,54.72524117564141,55.94056627638319,car,21.095575536715472,3,0.0
39,4,999,462,54.725341585608554,55.940560759000995,car,25.2033019185424,4,16.140299544355237
39,5,1015,394,54.72534629430496,55.940486700586376,car,25.390304641497284,5,0.0
39,6,1015,394,54.72534629430496,55.940486700586376,car,25.390304641497284,5,0.0
39,7,1015,394,54.72534629430496,55.940486700586376,car,25.390304641497284,5,0.0
39,8,1015,394,54.72534629430496,55.940486700586376,car,25.390304641497284,5,0.0
39,9,1094,529,54.72537670279655,55.94062908816238,car,26.602957548472478,3,30.062003570354616
40,2,1126,729,54.72538387979305,55.9407718553623,car,31.591478837627097,1,-169.0800185831027
40,3,744,484,54.72523716882653,55.94056562039217,car,40.4438694409349,3,0.0
40,4,989,462,54.7253376796391,55.94056005063366,car,39.4234902503217,4,8.233475910362046
40,5,1008,391,54.725343279115975,55.94048237528442,car,39.669745941493126,5,43.96941013125942
40,6,1008,391,54.725343279115975,55.94048237528442,car,39.669745941493126,5,43.96941013125942
40,7,1008,391,54.725343279115975,55.94048237528442,car,39.669745941493126,5,43.96941013125942
40,8,1008,391,54.725343279115975,55.94048237528442,car,39.669745941493126,5,43.96941013125942
40,9,1086,527,54.72537397529746,55.940627004187895,car,30.061447500004462,3,21.099742594039903
41,2,1138,734,54.72538714419619,55.940774813462355,car,37.14512569727645,1,-149.93799915954497
41,3,735,485,54.72523329715741,55.940566044352984,car,38.87098349937198,3,0.0
41,4,977,460,54.72533288508276,55.94055711747832,car,51.26379958029467,4,19.150927381751156
41,5,1000,387,54.725339769825865,55.940476667309916,bus,48.80623066849133,5,43.96941223044915
41,6,1000,387,54.725339769825865,55.940476667309916,bus,48.80623066849133,5,43.96941223044915
41,7,1000,387,54.725339769825865,55.940476667309916,bus,48.80623066849133,5,43.96941223044915
41,8,1000,387,54.725339769825865,55.940476667309916,bus,48.80623066849133,5,43.96941223044915
41,9,1073,526,54.725369483701236,55.94062554283428,car,45.910198170207586,3,6.603102758533808
42,2,1150,736,54.72539042499382,55.94077600270532,car,33.64977465122097,1,-169.0800202478447
42,4,967,459,54.72532887314194,55.94055534470963,car,41.68010878938133,4,16.140303690441364
42,5,992,385,54.72533627967405,55.94047335066706,bus,40.2569160811833,5,30.062027210920036
42,6,992,385,54.72533627967405,55.94047335066706,bus,40.2569160811833,5,30.062027210920036
42,7,992,385,54.72533627967405,55.94047335066706,bus,40.2569160811833,5,30.062027210920036
42,8,992,385,54.72533627967405,55.94047335066706,bus,40.2569160811833,5,30.062027210920036
42,9,1064,524,54.72536634989149,55.94062337755407,car,34.00843827527071,3,30.062009423546158
43,2,1161,740,54.72539335728236,55.940778325453465,car,32.48241495151279,1,-158.90026339024968
43,4,957,458,54.725324826410024,55.940553556567686,car,42.04426007656577,4,8.233478508616665
43,5,982,387,54.72533205498959,55.940474749877296,bus,42.975969186244775,5,-16.14030261230282
43,6,982,387,54.72533205498959,55.940474749877296,bus,42.975969186244775,5,-16.14030261230282
43,7,982,387,54.72533205498959,55.940474749877296,bus,42.975969186244775,5,-16.14030261230282
43,8,982,387,54.72533205498959,55.940474749877296,bus,42.975969186244775,5,-16.14030261230282
43,9,1056,523,54.725363541472795,55.94062212190339,car,29.175127660468206,3,16.14029134810411
44,2,1171,740,54.72539608439449,55.94077834422505,car,27.2805956995185,1,180.0
44,4,948,458,54.72532120060911,55.94055288704691,car,36.61335509589121,4,8.233479265263409
44,5,976,385,54.72532937140892,55.94047162016534,bus,32.75788847097511,5,30.062032258817155
44,6,976,385,54.72532937140892,55.94047162016534,bus,32.75788847097511,5,30.062032258817155
44,7,976,385,54.72532937140892,55.94047162016534,bus,32.75788847097511,5,30.062032258817155
44,8,976,385,54.72532937140892,55.94047162016534,bus,32.75788847097511,5,30.062032258817155
44,9,1047,522,54.725360360174754,55.940620809977304,car,32.88492737064952,3,8.233471418900134
45,2,1185,743,54.72539979728426,55.94078007302759,car,38.62838523788543,1,-163.85972002992364
45,4,937,457,54.72531668377712,55.940550999664765,car,46.77111805576036,4,16.14030825047131
45,5,970,385,54.72532676108659,55.940470966286675,bus,26.51095308073913,5,16.14030520682842
45,6,970,385,54.72532676108659,55.940470966286675,bus,26.51095308073913,5,16.14030520682842
45,7,970,385,54.72532676108659,55.940470966286675,bus,26.51095308073913,5,16.14030520682842
45,8,970,385,54.72532676108659,55.940470966286675,bus,26.51095308073913,5,16.14030520682842
45,9,1040,521,54.72535786791794,55.9406195852435,car,26.071684394027148,3,16.140293407166514
45,13,623,613,54.72520650982219,55.94068283101947,car,0.0,1,0.0
46,2,1192,745,54.725401623336786,55.9407812119385,car,19.524965724265776,1,-163.85972157127193
46,4,927,456,54.725312535006104,55.94054917100283,car,43.1055691701898,4,16.140309833375657
46,5,965,383,54.72532447395529,55.94046790900382,bus,29.275757843706973,5,30.062035375946415
46,6,965,383,54.72532447395529,55.94046790900382,bus,29.275757843706973,5,30.062035375946415
46,7,965,383,54.72532447395529,55.94046790900382,bus,29.275757843706973,5,30.062035375946415
46,8,965,383,54.72532447395529,55.94046790900382,bus,29.275757843706973,5,30.062035375946415
46,9,1031,518,54.725354620877155,55.94061646217641,car,37.51426369426856,3,37.65829554292635
46,13,628,613,54.72520855569843,55.940682984764024,car,20.555324355578154,1,180.0
47,2,1201,749,54.72540390938868,55.94078346440285,car,26.520967254965978,1,-149.93801019838224
47,4,917,454,54.72530828236069,55.94054624619746,car,46.178746688991225,4,19.150938379409794
47,5,962,383,54.72532315676432,55.94046757645818,bus,13.381081167655438,5,0.0
47,6,962,383,54.72532315676432,55.94046757645818,bus,13.381081167655438,5,0.0
47,7,962,383,54.72532315676432,55.94046757645818,bus,13.381081167655438,5,0.0
47,8,962,383,54.72532315676432,55.94046757645818,bus,13.381081167655438,5,0.0
47,9,1019,519,54.725350314627946,55.940616766615896,car,43.13238505310152,3,-6.603105885666961
47,13,639,617,54.72521368583643,55.940686665831784,car,56.083697693863606,1,-155.1541080017106
48,2,1213,752,54.72540699801693,55.94078513982326,car,32.53557366731352,1,-158.9002701464849
48,4,909,454,54.725304960447005,55.940545621731935,car,33.56100054402237,4,0.0
48,5,955,382,54.725320014878065,55.940465532114736,car,33.87376716808873,5,21.099768395908626
48,6,955,382,54.725320014878065,55.940465532114736,car,33.87376716808873,5,21.099768395908626
48,7,955,382,54.725320014878065,55.940465532114736,car,33.87376716808873,5,21.099768395908626
48,8,955,382,54.725320014878065,55.940465532114736,car,33.87376716808873,5,21.099768395908626
48,9,1011,517,54.725347380184694,55.94061455957518,car,32.27204863202734,3,21.09975553573477
48,13,646,617,54.725216507996436,55.9406868711383,car,28.349227602899695,1,180.0
49,2,1222,753,54.725409337819684,55.940785695431344,car,23.67353041758303,1,-163.85972418945838
49,4,899,453,54.72530070698327,55.940543745988485,car,44.20312335027518,4,16.14031428469229
49,5,950,381,54.72531773899049,55.94046369885323,car,25.365235007896857,5,30.062039731664555
49,6,950,381,54.72531773899049,55.94046369885323,car,25.365235007896857,5,30.062039731664555
49,7,950,381,54.72531773899049,55.94046369885323,car,25.365235007896857,5,30.062039731664555
49,8,950,381,54.72531773899049,55.94046369885323,car,25.365235007896857,5,30.062039731664555
49,9,1004,515,54.72534478535194,55.94061238403861,car,29.10062292200174,3,40.96424627797015
49,13,652,620,54.72521938358019,55.94068952546387,car,32.9516243339569,1,-139.0356611984249
50,2,1238,757,54.72541337985707,55.94078789285526,car,42.58353033802809,1,-163.85972503462136
50,4,890,451,54.72529675644198,55.94054083383215,car,43.356322514785475,4,23.46549032134022
50,5,943,379,54.72531449041931,55.940460343742885,car,38.28159801817371,5,30.062040709854923
50,6,943,379,54.72531449041931,55.940460343742885,car,38.28159801817371,5,30.062040709854923
50,7,943,379,54.72531449041931,55.940460343742885,car,38.28159801817371,5,30.062040709854923
50,8,943,379,54.72531449041931,55.940460343742885,car,38.28159801817371,5,30.062040709854923
50,9,995,512,54.72534140579191,55.94060916518123,car,38.962892687029246,3,23.46546745159277
50,13,661,621,54.725223120212426,55.94069060036313,car,38.0994559286962,1,-171.7664993463514
51,2,1254,761,54.72541736756255,55.94079006074204,car,42.00829406700758,1,-163.85972645380417
51,4,882,449,54.72529319012078,55.94053797246143,car,39.7122152178701,4,23.465492452997328
51,5,938,380,54.72531231590317,55.94046105410121,car,22.116707669202157,5,-16.140310966516132
51,6,938,380,54.72531231590317,55.94046105410121,car,22.116707669202157,5,-16.140310966516132
51,7,938,380,54.72531231590317,55.94046105410121,car,22.116707669202157,5,-16.140310966516132
51,8,938,380,54.72531231590317,55.94046105410121,car,22.116707669202157,5,-16.140310966516132
51,9,985,513,54.725337734843265,55.94060956182976,car,36.80298853065131,3,-10.919991910842985
51,13,668,622,54.725226040171094,55.94069161232026,car,29.96896638106468,1,-169.07997693140774
52,2,1271,765,54.7254215572386,55.94079219844332,car,43.88406818544924,1,-166.96468998669656
52,4,873,449,54.725289341211514,55.94053723275038,car,38.90644135256457,4,8.233485683291082
52,5,931,378,54.72530902204692,55.94045766711695,car,38.773395520637884,5,30.062044569492926
52,6,931,378,54.72530902204692,55.94045766711695,car,38.773395520637884,5,30.062044569492926
52,7,931,378,54.72530902204692,55.94045766711695,car,38.773395520637884,5,30.062044569492926
52,8,931,378,54.72530902204692,55.94045766711695,car,38.773395520637884,5,30.062044569492926
52,9,977,510,54.72533466090372,55.940606354828255,car,36.274755083391256,3,37.65830919812141
52,13,672,623,54.725227762656715,55.94069253645754,car,18.180145879288716,1,-163.85965552204738
53,2,1283,763,54.72542470430615,55.94079111268074,car,31.988599957397046,1,169.08002939811865
53,4,861,448,54.72528407543601,55.94053511833857,car,54.43075312320703,4,13.03534988773534
53,5,927,378,54.72530721083595,55.94045720085847,car,18.41305065764662,5,16.14031280539849
53,6,927,378,54.72530721083595,55.94045720085847,car,18.41305065764662,5,16.14031280539849
53,7,927,378,54.72530721083595,55.94045720085847,car,18.41305065764662,5,16.14031280539849
53,8,927,378,54.72530721083595,55.94045720085847,car,18.41305065764662,5,16.14031280539849
53,9,969,509,54.72533162632496,55.94060498812341,car,31.556617955814296,3,10.91999353043878
53,13,678,623,54.72523011966958,55.94069269951843,car,23.66912142986026,1,180.0
54,2,1298,766,54.72542835669316,55.94079269763493,car,37.80227660843009,1,-158.90028006916998
54,4,853,446,54.725280397082855,55.940532189777585,car,40.9111811621456,4,23.465499182684887
54,5,919,377,54.725303492880485,55.94045496073392,car,39.72411798030993,5,16.14031359620431
54,6,919,377,54.725303492880485,55.94045496073392,car,39.72411798030993,5,16.14031359620431
54,7,919,377,54.725303492880485,55.94045496073392,car,39.72411798030993,5,16.14031359620431
54,8,919,377,54.725303492880485,55.94045496073392,car,39.72411798030993,5,16.14031359620431
54,9,959,508,54.725327813589104,55.94060350179785,car,39.31143669739579,3,8.233477843380934
55,2,1312,768,54.725431770067104,55.940793738159584,car,34.75261758559079,1,-171.76654146027278
55,4,842,443,54.725275250228194,55.940527827696435,car,57.93140373227879,4,24.845853018909338
55,5,915,376,54.72530158093868,55.940453178553305,car,21.967849555870853,5,49.17746282870513
55,6,915,376,54.72530158093868,55.940453178553305,car,21.967849555870853,5,49.17746282870513
55,7,915,376,54.72530158093868,55.940453178553305,car,21.967849555870853,5,49.17746282870513
55,8,915,376,54.72530158093868,55.940453178553305,car,21.967849555870853,5,49.17746282870513
55,9,950,507,54.725324350790004,55.940602058973674,car,35.83726124994552,3,16.140305656592265
55,14,698,631,54.72523897263746,55.94069963690541,car,0.0,1,0.0
56,2,1322,771,54.72543410513956,55.94079530185663,car,25.18124785265617,1,-163.85973367553422
56,4,834,440,54.72527136470321,55.94052366832596,car,46.24709039703882,4,30.06206712386279
56,5,909,376,54.725298823633686,55.940452463221426,bus,28.04008334063924,5,10.920002177364646
56,6,909,376,54.725298823633686,55.940452463221426,bus,28.04008334063924,5,10.920002177364646
56,7,909,376,54.725298823633686,55.940452463221426,bus,28.04008334063924,5,10.920002177364646
56,8,909,376,54.725298823633686,55.940452463221426,bus,28.04008334063924,5,10.920002177364646
56,9,942,506,54.7253212450909,55.9406006614618,car,32.29958622551666,3,10.919996369788153
57,2,1343,773,54.725439185096185,55.940796306439,car,51.211041363581785,1,-173.39690697129654
57,4,825,439,54.725267222603094,55.940521700771804,car,43.29476727689223,4,16.14032728334557
57,5,900,376,54.72529466541697,55.94045138444887,bus,42.28859080222864,5,8.233484487570264
57,6,900,376,54.72529466541697,55.94045138444887,bus,42.28859080222864,5,8.233484487570264
57,7,900,376,54.72529466541697,55.94045138444887,bus,42.28859080222864,5,8.233484487570264
57,8,900,376,54.72529466541697,55.94045138444887,bus,42.28859080222864,5,8.233484487570264
57,9,930,505,54.72531657242716,55.94059902595009,car,47.94103989113689,3,16.14030825047131
57,15,716,637,54.725246585999635,55.94070478340149,car,0.0,1,0.0
58,2,1361,781,54.72544311556883,55.94080039744315,car,46.22312546304964,1,-149.9380328302036
58,4,815,435,54.725262208440654,55.940516092115026,car,60.45803888648046,4,34.78209614516571
58,5,896,375,54.72529271372078,55.9404495779631,bus,22.391771148666553,5,16.14031824769071
58,6,896,375,54.72529271372078,55.9404495779631,bus,22.391771148666553,5,16.14031824769071
58,7,896,375,54.72529271372078,55.9404495779631,bus,22.391771148666553,5,16.14031824769071
58,8,896,375,54.72529271372078,55.9404495779631,bus,22.391771148666553,5,16.14031824769071
58,9,923,504,54.725313802204084,55.940597663756286,car,29.00190011164684,3,10.91999822175771
58,15,722,636,54.72524872927804,55.94070414309227,car,21.737132323454233,1,163.85966349810522
59,2,1377,784,54.72544679769161,55.94080188064262,car,37.93202140087089,1,-163.85973795464284
59,4,809,437,54.72525974118687,55.94051789888203,car,26.70729690638546,4,-30.06207542852598
59,5,893,375,54.725291315745906,55.940449213879525,bus,14.219673162270542,5,16.14031886967043
59,6,893,375,54.725291315745906,55.940449213879525,bus,14.219673162270542,5,16.14031886967043
59,7,893,375,54.725291315745906,55.940449213879525,bus,14.219673162270542,5,16.14031886967043
59,8,893,375,54.725291315745906,55.940449213879525,bus,14.219673162270542,5,16.14031886967043
59,9,913,502,54.725309777893614,55.94059514808988,car,43.142431558921494,3,23.465483591949347
60,2,1388,785,54.72544937259697,55.9408023524471,car,25.9257544621749,1,180.0
60,4,799,438,54.72525531428132,55.94051815775619,car,44.40348974434848,4,0.0
60,5,886,374,54.72528794035539,55.94044702664411,bus,36.39209351706311,5,21.099783630040175
60,6,886,374,54.72528794035539,55.94044702664411,bus,36.39209351706311,5,21.099783630040175
60,7,886,374,54.72528794035539,55.94044702664411,bus,36.39209351706311,5,21.099783630040175
60,8,886,374,54.72528794035539,55.94044702664411,bus,36.39209351706311,5,21.099783630040175
60,9,904,501,54.725306172636614,55.94059364264496,car,37.327178291032695,3,8.23348233484103
60,16,743,642,54.72525725636151,55.940709243987264,car,0.0,1,0.0
61,2,1404,790,54.725452855827356,55.94080481625338,car,37.84330669226858,1,-156.5345861328992
61,4,789,438,54.72525072458982,55.9405172324577,car,46.45505485163393,4,8.233493335735199
61,5,881,373,54.725285483363216,55.94044507041512,bus,27.341190453556546,5,21.099785074797214
61,6,881,373,54.725285483363216,55.94044507041512,bus,27.341190453556546,5,21.099785074797214
61,7,881,373,54.725285483363216,55.94044507041512,bus,27.341190453556546,5,21.099785074797214
61,8,881,373,54.725285483363216,55.94044507041512,bus,27.341190453556546,5,21.099785074797214
61,9,897,500,54.72530333357194,55.94059224571486,car,29.729243046126015,3,21.099776399024183
62,2,1404,790,54.725452855827356,55.94080481625338,car,0.0,1,180.0
62,4,788,438,54.725250263879445,55.94051713957682,car,4.6632929304709725,4,0.0
62,5,881,373,54.725285483363216,55.94044507041512,bus,0.0,5,180.0
62,6,881,373,54.725285483363216,55.94044507041512,bus,0.0,5,180.0
62,7,881,373,54.725285483363216,55.94044507041512,bus,0.0,5,180.0
62,8,881,373,54.725285483363216,55.94044507041512,bus,0.0,5,180.0
62,9,897,500,54.72530333357194,55.94059224571486,car,0.0,3,180.0
63,2,1421,791,54.72545679724757,55.9408052509684,car,39.51279706148148,1,180.0
63,4,780,440,54.72524686429839,55.94051877133144,car,35.23009113326072,4,-21.09980319843101
63,5,877,372,54.725283485034666,55.94044322682016,bus,22.91360623449614,5,30.062061292310826
63,6,877,372,54.725283485034666,55.94044322682016,bus,22.91360623449614,5,30.062061292310826
63,7,877,372,54.725283485034666,55.94044322682016,bus,22.91360623449614,5,30.062061292310826
63,8,877,372,54.725283485034666,55.94044322682016,bus,22.91360623449614,5,30.062061292310826
63,9,887,498,54.72529920249129,55.94058966934089,car,44.28247327983685,3,16.14031513050038
63,17,763,645,54.72526491842052,55.94071194530205,car,0.0,1,0.0
64,4,770,438,54.72524191641133,55.940515456696914,car,53.59162893748425,4,24.845870914628534
64,5,872,370,54.72528088744126,55.94043988912893,bus,32.794669724877835,5,40.964291292704594
64,6,872,370,54.72528088744126,55.94043988912893,bus,32.794669724877835,5,40.964291292704594
64,7,872,370,54.72528088744126,55.94043988912893,bus,32.794669724877835,5,40.964291292704594
64,8,872,370,54.72528088744126,55.94043988912893,bus,32.794669724877835,5,40.964291292704594
64,9,880,497,54.72529631565813,55.9405882471054,car,30.236058510421017,3,21.099779811318808
64,17,768,646,54.72526683823244,55.94071280172593,car,19.95763338779081,1,-163.85967036597634
65,5,868,370,54.72527897678286,55.94043938185271,bus,19.448040924275677,5,16.1403235569656
65,6,868,370,54.72527897678286,55.94043938185271,bus,19.448040924275677,5,16.1403235569656
65,7,868,370,54.72527897678286,55.94043938185271,bus,19.448040924275677,5,16.1403235569656
65,8,868,370,54.72527897678286,55.94043938185271,bus,19.448040924275677,5,16.1403235569656
65,9,872,497,54.7252930870314,55.940587750907234,car,32.541866565513736,3,0.0
65,17,775,646,54.72526937673262,55.94071294356124,car,25.466275077364948,1,180.0
66,5,864,369,54.72527694277963,55.940437506223624,bus,23.323212553218326,5,16.14032417894511
66,6,864,369,54.72527694277963,55.940437506223624,bus,23.323212553218326,5,16.14032417894511
66,7,864,369,54.72527694277963,55.940437506223624,bus,23.323212553218326,5,16.14032417894511
66,8,864,369,54.72527694277963,55.940437506223624,bus,23.323212553218326,5,16.14032417894511
66,9,863,494,54.72528917468412,55.940584178379716,car,44.70923337689213,3,30.06205611134659
66,17,783,649,54.72527254338931,55.94071534678388,car,34.89327722279064,1,-163.85967192967743
67,5,858,370,54.72527417558204,55.94043810714291,bus,27.915715779510286,5,0.0
67,6,858,370,54.72527417558204,55.94043810714291,bus,27.915715779510286,5,0.0
67,7,858,370,54.72527417558204,55.94043810714291,bus,27.915715779510286,5,0.0
67,8,858,370,54.72527417558204,55.94043810714291,bus,27.915715779510286,5,0.0
67,9,857,494,54.72528671995939,55.94058379549843,car,24.747689767691348,3,0.0
67,17,791,651,54.725275588830094,55.94071698574548,car,32.12732946840123,1,-158.90020759490528
68,5,853,368,54.725271510832,55.94043471404366,bus,33.539201562050835,5,40.9642975912135
68,6,853,368,54.725271510832,55.94043471404366,bus,33.539201562050835,5,40.9642975912135
68,7,853,368,54.725271510832,55.94043471404366,bus,33.539201562050835,5,40.9642975912135
68,8,853,368,54.725271510832,55.94043471404366,bus,33.539201562050835,5,40.9642975912135
68,9,848,491,54.725282735393954,55.94058016873643,car,45.50712706870824,3,30.06205989207821
68,17,803,655,54.725280193678024,55.94072015151438,car,49.96948776933338,1,-156.53449635253847
69,5,850,367,54.72526992605401,55.94043294062326,bus,19.12114466566512,5,30.062069308835493
69,6,850,367,54.72526992605401,55.94043294062326,bus,19.12114466566512,5,30.062069308835493
69,7,850,367,54.72526992605401,55.94043294062326,bus,19.12114466566512,5,30.062069308835493
69,8,850,367,54.72526992605401,55.94043294062326,bus,19.12114466566512,5,30.062069308835493
69,9,841,490,54.7252797337544,55.94057868524768,car,31.455245490770857,3,10.920007196075545
69,17,812,656,54.72528344414355,55.94072104191968,car,33.06477813571181,1,-169.07999191180602
70,5,847,367,54.72526846399072,55.94043254796383,car,14.889006771969987,5,0.0
70,6,847,367,54.72526846399072,55.94043254796383,car,14.889006771969987,5,0.0
70,7,847,367,54.72526846399072,55.94043254796383,car,14.889006771969987,5,0.0
70,8,847,367,54.72526846399072,55.94043254796383,car,14.889006771969987,5,0.0
70,9,832,489,54.72527587426633,55.94057705784103,car,40.00250523303222,3,16.140323837256993
70,17,821,658,54.7252867493366,55.94072265085251,car,34.5650164087777,1,-163.8596772267993
71,5,844,368,54.725267130924436,55.9404335422416,car,14.473770111510467,5,-30.06207206882143
71,6,844,368,54.725267130924436,55.9404335422416,car,14.473770111510467,5,-30.06207206882143
71,7,844,368,54.725267130924436,55.9404335422416,car,14.473770111510467,5,-30.06207206882143
71,8,844,368,54.725267130924436,55.9404335422416,car,14.473770111510467,5,-30.06207206882143
71,9,824,488,54.72527240533317,55.94057548499634,car,36.124734871691814,3,16.140325280740306
71,17,831,660,54.72529037199414,55.94072426246303,car,37.63902296981082,1,-169.07999376377464
72,5,837,368,54.72526370410632,55.940432625429445,car,34.89535295662203,5,10.92001150164746
72,6,837,368,54.72526370410632,55.940432625429445,car,34.89535295662203,5,10.92001150164746
72,7,837,368,54.72526370410632,55.940432625429445,car,34.89535295662203,5,10.92001150164746
72,8,837,368,54.72526370410632,55.940432625429445,car,34.89535295662203,5,10.92001150164746
72,9,816,486,54.72526879743511,55.940572856515,car,39.52995818900202,3,21.099792712237836
72,17,838,662,54.72529293015583,55.94072581089524,car,27.30757430893843,1,-158.9002157551259
73,5,833,366,54.72526145744257,55.940429304766475,car,29.97588250586081,5,37.65836000125623
73,6,833,366,54.72526145744257,55.940429304766475,car,29.97588250586081,5,37.65836000125623
73,7,833,366,54.72526145744257,55.940429304766475,car,29.97588250586081,5,37.65836000125623
73,8,833,366,54.72526145744257,55.940429304766475,car,29.97588250586081,5,37.65836000125623
73,9,807,483,54.725264606926146,55.940569076933016,car,47.778513551762416,3,30.06207089992649
73,17,847,663,54.72529608604179,55.9407266681326,car,32.089127557015566,1,-169.07999533021615
74,5,829,364,54.725259191887154,55.940425956180846,car,30.229653742428336,5,40.964306643999755
74,6,829,364,54.725259191887154,55.940425956180846,car,30.229653742428336,5,40.964306643999755
74,7,829,364,54.725259191887154,55.940425956180846,car,30.229653742428336,5,40.964306643999755
74,8,829,364,54.725259191887154,55.940425956180846,car,30.229653742428336,5,40.964306643999755
74,9,799,481,54.725260918979245,55.94056638652215,car,40.42153888539881,3,23.465509076460393
74,17,857,665,54.72529962408722,55.94072824272183,car,36.75543309235025,1,-171.76651490284868
75,5,824,365,54.72525685179168,55.940426693504314,bus,23.791845350995555,5,-16.140331801813183
75,6,824,365,54.72525685179168,55.940426693504314,bus,23.791845350995555,5,-16.140331801813183
75,7,824,365,54.72525685179168,55.940426693504314,bus,23.791845350995555,5,-16.140331801813183
75,8,824,365,54.72525685179168,55.940426693504314,bus,23.791845350995555,5,-16.140331801813183
75,9,791,481,54.72525745111095,55.940565810599026,car,35.00029679233046,3,0.0
75,17,867,668,54.72530318956235,55.94073050450718,car,38.266451109486326,1,-149.93794741258972
75,18,1444,607,54.72547757962187,55.94069917023521,car,0.0,3,0.0
76,9,781,479,54.725252822537534,55.94056293631667,car,49.629351669312484,3,23.465513157823104
76,17,877,670,54.725306660413686,55.940732046152604,car,36.04848255044456,1,-171.766516311831
76,18,1433,604,54.725474929613185,55.94069692357091,car,29.7142644962345,3,21.099694456437195
77,9,773,480,54.7252494432305,55.94056342638022,car,33.960382785593644,3,0.0
77,17,885,673,54.725309488866664,55.940734237765554,car,31.256521466000798,1,-149.93795185415686
77,18,1423,601,54.72547252168913,55.940694675368675,car,27.565625698102483,3,30.061944336903565
78,9,766,480,54.72524635366424,55.94056291084711,car,31.188744651228347,3,0.0
78,17,896,675,54.725313228724815,55.94073576149839,car,38.634372959087166,1,-163.85968701169446
78,18,1410,600,54.72546909007966,55.94069370294823,car,34.85883619466977,3,8.233449463334908
79,9,760,479,54.72524354781664,55.94056138138335,car,29.67392712615342,3,30.062085274419555
79,17,906,676,54.72531656057842,55.940736576018395,car,33.78103345639736,1,-171.76651830899922
79,18,1398,595,54.72546626000988,55.94068999181348,car,35.836426941065476,3,37.65821932328812
80,9,751,477,54.72523922920109,55.94055852101116,car,46.693934168373865,3,13.035363922550998
80,17,919,681,54.72532101091945,55.94074012922788,car,49.43119147796252,1,-156.53451767317424
80,18,1385,593,54.725462849819614,55.9406882938224,car,35.64653364730906,3,21.099700126361846
81,9,743,477,54.72523563108501,55.9405579120715,car,36.33394432401686,3,10.920018856365495
81,17,927,683,54.72532367283995,55.94074156684237,car,28.06807251901715,1,-158.90023044609865
81,18,1375,590,54.72546032710375,55.94068595212827,car,28.84768971452479,3,21.099701619110284
82,9,735,477,54.72523201369934,55.94055729987066,car,36.53032062629207,3,8.233497193856953
82,17,942,686,54.725328583121424,55.94074373498353,car,50.96093295922928,1,-166.96466094510066
82,18,1363,590,54.72545696901714,55.94068565220573,car,33.65169513178387,3,0.0
83,17,954,688,54.72533245317723,55.940745185556636,car,39.793319445111024,1,-169.0800049287434
83,18,1355,590,54.72545471914509,55.94068545126174,car,22.54698831477627,3,16.140256716885762
84,17,963,691,54.72533537258479,55.94074724681964,car,31.77210179493103,1,-158.90023570958033
84,18,1343,589,54.72545140487577,55.9406844398343,car,33.75352875139683,3,8.233453146904392
85,17,973,694,54.725338574308154,55.94074929695653,car,34.381679310521314,1,-163.8596969417618
85,18,1332,589,54.725448275322655,55.94068415835049,car,31.365981658946616,3,0.0
86,17,985,696,54.7253423391039,55.94075069940245,car,38.693242260891594,1,-158.90023903313275
86,18,1318,586,54.725444482161095,55.940681649409065,car,40.85825227773779,3,16.140260071525866
87,17,998,698,54.72534637439653,55.940752097028685,car,41.33600209600009,1,-171.7665240940419
87,18,1308,586,54.72544159453579,55.94068138420412,car,28.946285670233735,3,16.14026173308339
88,17,1008,699,54.725349443315906,55.94075281968248,car,31.074571180184865,1,-169.08000943283412
88,18,1295,583,54.72543801771584,55.940678862864196,car,38.8766667151001,3,16.14026233651909
89,17,1018,701,54.72535250349632,55.940754171441895,car,31.74806614493831,1,-171.76652556717517
89,18,1284,580,54.72543498665767,55.94067636712926,car,33.817758533778054,3,30.06196702791865
90,17,1028,704,54.72535554694942,55.940756140798925,car,32.71643228034242,1,-158.90024570061755
90,18,1270,581,54.72543078747386,55.94067670671512,car,42.01609752679595,3,-8.233457122246827
91,17,1041,706,54.725359446971005,55.94075748731835,car,39.93696642839292,1,-169.08001207366902
91,18,1261,578,54.725428287945164,55.94067423600574,car,29.0318535551644,3,30.061971291946087
92,17,1055,709,54.725363605984185,55.9407594466073,car,43.33281129836656,1,-166.96467188152445
92,18,1251,576,54.72542540589262,55.940672456725125,car,30.78778279958681,3,21.099718298042113
93,17,1062,711,54.72536566689018,55.94076072533831,car,22.036165874820743,1,-149.93798686856766
93,18,1243,573,54.725423157228846,55.940669970538465,car,26.930511313259654,3,30.06197510053648
94,17,1076,715,54.72536974668414,55.94076325672941,car,43.62070871244249,1,-163.85970870496902
94,18,1234,571,54.72542052965103,55.94066818618935,car,28.416320897372028,3,30.061976238093845
95,17,1089,717,54.72537349711171,55.940764540960906,car,38.38339953632629,1,-158.9002538128632
95,18,1222,572,54.72541681329971,55.94066857268902,car,37.21079601798877,3,-8.233459946665967
95,19,1456,508,54.72549154712707,55.94062731090654,car,0.0,4,0.0
96,17,1105,718,54.725378079206564,55.940765226433506,car,46.08570235932225,1,180.0
96,18,1212,570,54.72541383318087,55.94066673930829,car,31.82841088571387,3,21.09972358191161
96,19,1445,504,54.72548885320423,55.94062364130751,car,34.61347443182594,4,30.061933720580768
97,17,1116,721,54.725381174411844,55.940767077316494,car,32.947164154106574,1,-158.9002576315902
97,18,1200,568,54.72541020414822,55.940664824891456,car,38.153419011353435,3,16.14027295509238
97,19,1438,499,54.725487405889375,55.94061928443029,car,29.345484671164865,4,55.351881188362604
98,17,1128,725,54.72538450336836,55.94076950514951,car,36.37815210488213,1,-156.5345508204122
98,18,1190,566,54.72540716489514,55.94066295658794,car,32.46072159750476,3,21.099726905468827
98,19,1426,494,54.7254844678288,55.94061463967258,car,40.2035864906629,4,37.65820699579243
99,17,1142,726,54.72538840519077,55.94077014949584,car,39.27523095640696,1,180.0
99,18,1180,565,54.72540406069532,55.94066185002136,car,31.82670784714958,3,10.919974420380957
99,19,1414,491,54.725481256800755,55.94061159115381,car,36.91959580732404,4,30.06193862382596
100,17,1154,730,54.725391655895514,55.94077253374277,car,35.55036469079403,1,-156.53455441836329
100,18,1168,563,54.72540033257308,55.94065988470305,car,39.19911194577472,3,16.140276820890765
100,19,1404,486,54.72547882721336,55.94060691434032,car,36.73568514918295,5,55.35188664819255
101,17,1167,732,54.725395189969625,55.94077373561861,car,36.14685179654465,1,-169.080021573906
101,18,1157,561,54.72539688625696,55.94065793365817,car,36.48544304078235,3,21.099731714542838
101,19,1392,484,54.725475428157516,55.940604627930085,car,36.69798677828818,5,16.14024839910941
102,17,1177,735,54.72539784720811,55.940775493577476,car,28.626859454729694,1,-169.08002228704532
102,18,1146,560,54.725393378875616,55.94065675824649,car,35.87391602466191,3,8.233464755355733
102,19,1386,485,54.725473502198746,55.94060518267333,car,19.475422898265464,4,0.0
103,17,1183,734,54.725399507544104,55.940774934323784,car,16.867962990775656,1,180.0
103,18,1135,557,54.725389891069426,55.94065397350933,car,38.72203566251016,3,30.06199466123647
103,19,1377,489,54.725470350323555,55.94060814040431,car,35.64338954811433,4,-23.465400624047906
104,18,1124,557,54.72538630053944,55.94065357575102,car,36.05158837275663,3,0.0
104,19,1368,490,54.72546750810964,55.94060855149094,car,28.486057870819636,4,-16.14025186950299
105,18,1113,554,54.725382738836856,55.9406507468208,car,39.5100080452129,3,30.061998977872065
105,19,1358,491,54.725464351121936,55.94060891528472,car,31.61033649433112,4,0.0
105,20,1204,738,54.7254050606066,55.94077727074824,car,0.0,1,0.0
106,18,1103,553,54.725379440051945,55.94064955775165,car,33.85176575695103,3,8.233467631023917
106,19,1347,491,54.72546096941155,55.94060838001995,car,34.018442348440104,4,10.919959473802928
107,18,1092,548,54.725375821975064,55.940645025232094,car,45.140685900242886,3,43.96938660844907
107,19,1338,489,54.725458371435145,55.94060622585214,car,29.0287986963739,4,21.0997025410907
107,21,1239,744,54.72541414558718,55.94078071018637,car,0.0,1,0.0
108,18,1081,547,54.7253721191883,55.94064376049628,car,37.9146874550398,3,8.233469065806936
108,19,1327,489,54.72545494614669,55.94060567839788,car,34.46322824261816,4,0.0
109,18,1069,547,54.72536804268103,55.9406432812277,car,40.955770266716094,3,8.233469790205174
109,19,1314,487,54.7254510421407,55.94060329257689,car,41.6577375528322,4,23.46541043504831
110,18,1060,546,54.72536496649404,55.940642081024684,car,31.696358788545275,3,10.919984796496733
110,19,1301,487,54.725446930050104,55.94060262897263,car,41.38211492049279,4,0.0
111,18,1050,544,54.72536151900654,55.940639986396185,car,36.79911827752351,3,21.099748263953767
111,19,1290,485,54.72544358464098,55.94060030799229,car,36.292475145414414,4,30.061961406548168
112,18,1036,541,54.72535663394023,55.940636848515524,car,52.49830895461603,3,19.150916833471474
112,19,1277,483,54.72543955930546,55.94059785698711,car,42.942424242171306,4,16.14026164802926
113,18,1017,539,54.72534992682919,55.9406343118591,car,69.01463454139663,3,13.931296114308369
113,19,1262,482,54.725434764744925,55.94059616401945,car,49.13365079358694,4,13.035302780975593
113,22,1348,756,54.725441409262515,55.94078732631781,car,0.0,1,0.0
114,18,1006,537,54.72534598020078,55.94063209312242,car,41.78807629866518,3,16.140297278719363
114,19,1254,482,54.7254321505502,55.94059573192625,car,26.320691606381974,4,0.0
114,22,1364,762,54.72544499791388,55.94079050558402,car,40.59872618604982,1,-149.93803417905886
115,18,994,535,54.725341631874066,55.94062980564789,car,45.756063491203975,3,16.140298825168433
115,19,1244,478,54.725429127044684,55.94059157765088,car,39.01961626949559,4,37.65824469041854
115,22,1380,762,54.7254489141219,55.940790491974596,car,39.14473730842829,1,171.76654487932888
116,18,981,534,54.72533690169146,55.940628331042376,car,48.29474093977696,3,13.035333383784481
116,19,1234,478,54.72542581087173,55.94059101905881,car,33.398655302322084,4,10.919968722380574
116,22,1394,766,54.72545205181476,55.94079257162725,car,33.782465377219175,1,-149.93803918248813
117,18,972,532,54.72533355564191,55.94062613910843,car,36.06405286747732,3,21.099761598924363
117,19,1224,477,54.725422534676724,55.94058954334993,car,34.030487538179194,4,10.919969401661445
117,22,1405,772,54.72545429640187,55.94079566348003,car,28.94188331489857,1,-139.03582669610503
118,18,963,529,54.72533013987942,55.94062302840199,car,38.97874212050382,3,23.465473198120502
118,19,1216,475,54.72541996309932,55.940587250278845,car,29.18143464065116,4,30.06197624779682
119,18,951,527,54.725325609082304,55.94062064077801,car,47.696469535123555,3,16.140304889443946
119,19,1206,474,54.72541663638586,55.94058574733253,car,34.56570633311763,4,10.919971001964775
120,18,942,525,54.72532215363154,55.94061837576647,car,37.2538288458737,3,23.46547732905687
120,19,1192,473,54.72541191510356,55.940583996549165,car,48.508358204079656,4,13.035309949720693
121,18,928,522,54.72531671766571,55.94061491134358,car,58.40083731977732,3,19.150934402652883
121,19,1184,471,54.72540926114483,55.9405816475215,car,30.0740333647475,4,21.099725935502477
122,18,921,523,54.725314109522486,55.94061547642748,car,26.279739363185666,3,0.0
122,19,1172,471,54.72540510955672,55.9405809249908,car,41.84096978944993,4,8.233462351011044
